url;type;n
https://tiendas.tiendanimal.es/;STORE LOCATOR;2
https://tiendas.tiendanimal.es/andalucia/granada/armilla/tiendanimal-nevada-granada-49;STORE LOCATOR;2
https://tiendas.tiendanimal.es/andalucia/malaga/malaga/tiendanimal-larios-malaga-27;STORE LOCATOR;2
https://tiendas.tiendanimal.es/comunidad-de-madrid/madrid/alcorcon/tiendanimal-parque-oeste-alcorcon-44;STORE LOCATOR;2
https://www.tiendanimal.es/;HOME;5
https://www.tiendanimal.es/advantix-pipetas-antiparasitarias-para-perros/BAY4488389_M.html;PDP;2
https://www.tiendanimal.es/animales-de-granja/;PLP;2
https://www.tiendanimal.es/animales-silvestres/;PLP;2
https://www.tiendanimal.es/articulos/;BLOG;2
https://www.tiendanimal.es/articulos/american-staffordshire-terrier/;BLOG;2
https://www.tiendanimal.es/articulos/como-quitarle-las-pulgas-a-un-perro/;BLOG;2
https://www.tiendanimal.es/articulos/plan-de-vacunacion-para-cachorros/;BLOG;2
https://www.tiendanimal.es/articulos/que-pueden-comer-los-gatos/;BLOG;2
https://www.tiendanimal.es/articulos/sintomas-de-enfermedad-en-las-aves-domesticas/;BLOG;2
https://www.tiendanimal.es/caballos/;PLP;2
https://www.tiendanimal.es/criadores-adulto-pollo-y-arroz-pienso-para-perros-de-raza-mediana/CRD2319_M.html;PDP;2
https://www.tiendanimal.es/gatos/;PLP;2
https://www.tiendanimal.es/gatos/arena-para-gatos/;PLP;2
https://www.tiendanimal.es/gatos/arena-para-gatos/arena-aglomerante/;PLP;2
https://www.tiendanimal.es/gatos/comederos-y-bebederos/;PLP;2
https://www.tiendanimal.es/gatos/comida-humeda/;PLP;2
https://www.tiendanimal.es/gatos/juguetes-para-gatos/;PLP;2
https://www.tiendanimal.es/gatos/pienso-para-gatos/;PLP;2
https://www.tiendanimal.es/hills-science-plan-youthful-vitality-large-pienso-para-perros/HIL45494_M.html;PDP;2
https://www.tiendanimal.es/marca?brand=royal-canin;BRAND;2
https://www.tiendanimal.es/marcas/criadores/;PLP;2
https://www.tiendanimal.es/ombala-desert-cama-para-perros/OMB88551_M.html;PDP;2
https://www.tiendanimal.es/pajaros/;PLP;2
https://www.tiendanimal.es/pajaros/especial-cria-ninfas/;PLP;2
https://www.tiendanimal.es/pajaros/snacks/agapornis/;PLP;2
https://www.tiendanimal.es/pawhut-arbol-rascador-con-ratoncitos-gris-para-gatos/MRK000027299_M.html;PDP;2
https://www.tiendanimal.es/peces/;PLP;2
https://www.tiendanimal.es/pelota-con-nudos-para-perros-color-multicolor/MRK000006363_M.html;PDP;2
https://www.tiendanimal.es/perros/;PLP;2
https://www.tiendanimal.es/perros/agility/;PLP;2
https://www.tiendanimal.es/perros/antiparasitos-y-repelentes/collares-antiparasitarios-para-perros/;PLP;2
https://www.tiendanimal.es/perros/camas-para-perros/;PLP;2
https://www.tiendanimal.es/perros/comederos-y-bebederos/de-metal/;PLP;2
https://www.tiendanimal.es/perros/comida-humeda/;PLP;2
https://www.tiendanimal.es/perros/comida-humeda/true-origins/;PLP;2
https://www.tiendanimal.es/perros/especial-cachorros/;PLP;2
https://www.tiendanimal.es/perros/juguetes-para-perros/kong/;PLP;2
https://www.tiendanimal.es/perros/pienso-para-perros/;PLP;2
https://www.tiendanimal.es/perros/pienso-para-perros/pienso-criadores/;PLP;2
https://www.tiendanimal.es/perros/ropa-para-perros/abrigos/;PLP;2
https://www.tiendanimal.es/perros/transportines-para-perros/parques/;PLP;2
https://www.tiendanimal.es/reptiles-y-tortugas/;PLP;2
https://www.tiendanimal.es/reptiles-y-tortugas/mantenimiento/;PLP;2
https://www.tiendanimal.es/reptiles-y-tortugas/medicion/termometros/;PLP;2
https://www.tiendanimal.es/reptiles-y-tortugas/terrarios/para-iguanas/;PLP;2
https://www.tiendanimal.es/roedores-y-hurones/;PLP;2
https://www.tiendanimal.es/roedores-y-hurones/especial-cobayas/comida-y-snacks/;PLP;2
https://www.tiendanimal.es/roedores-y-hurones/especial-conejos/henos/;PLP;2
https://www.tiendanimal.es/roedores-y-hurones/snacks/;PLP;2
https://www.tiendanimal.es/royal-canin-maxi-adult-pienso-para-perros/ROY153637_M.html;PDP;2
https://www.tiendanimal.es/sanicat-cumpling-arena-aglomerante/SAN80193_M.html;PDP;2
https://www.tiendanimal.es/scalibor-collar-antiparasitario-para-perros/MSD193378_M.html;PDP;2
https://www.tiendanimal.es/seresto-collar-antiparasitario-para-perros/BAY83883961_M.html;PDP;2
https://www.tiendanimal.es/servicios/peluquerias-salonbelleza/las-academias-de-peluqueria-canina-y-felina/;SERVICIOS;2
https://www.tiendanimal.es/tk-pet-isidoro-poste-rascador-para-gatos/TKP40977_M.html;PDP;2
https://www.tiendanimal.es/whiskas-seleccion-clasicos-sobre-en-salsa-para-gatos---multipack/WHI448740_M.html;PDP;2
https://www.kiwoko.com/;HOME;5
https://www.kiwoko.com/gatos/;PLP;2
https://www.kiwoko.com/gatos/accesorios-para-gatos/rascadores/;PLP;2
https://www.kiwoko.com/gatos/comida-para-gatos/pienso-seco-para-gatos/;PLP;2
https://www.kiwoko.com/gatos/comida-para-gatos/pienso-seco-para-gatos/catzilla-feline-adult-sterilised/CTZ2217_M.html;PDP;2
https://www.kiwoko.com/gatos/comida-para-gatos/pienso-seco-para-gatos/royal-canin-pienso-sterilised-37-para-gatos/ROY319130_M.html;PDP;2
https://www.kiwoko.com/gatos/higiene-para-gatos/arenas-y-lecho-de-gato/arena/arena-aglomerante-nova-clean-ultra-para-gato/NCL70327_M.html;PDP;2
https://www.kiwoko.com/gatos/higiene-para-gatos/areneros-y-bandejas/;PLP;2
https://www.kiwoko.com/marca?brand=royal-canin;PDP;2
https://www.kiwoko.com/marca?brand=true-origins;PDP;2
https://www.kiwoko.com/marcas/nath/;PLP;2
https://www.kiwoko.com/marcas/nature_s-variety/;PLP;2
https://www.kiwoko.com/peces/acuarios-y-peceras/;PLP;2
https://www.kiwoko.com/peces/acuarios-y-peceras/acuarios/medianos-_50-y-100l_/kiwoko-start-55-acuario/KWK530_M.html;PDP;2
https://www.kiwoko.com/perros/;PLP;2
https://www.kiwoko.com/perros/accesorios-para-perros/flexi-new-classic-correa-extensible-de-cordon-negra/FLE25721_M.html;PDP;2
https://www.kiwoko.com/perros/accesorios-para-perros/jaula-de-metal-outech/OUT70861_M.html;PDP;2
https://www.kiwoko.com/perros/accesorios-para-perros/paseo/arneses/;PLP;2
https://www.kiwoko.com/perros/accesorios-para-perros/viajes/transportin/;PLP;2
https://www.kiwoko.com/perros/comida-para-perros/dietas-veterinarias/alimentacion-seca/hill_s-prescription-diet-metabolic-original/HIL2097M_M.html;PDP;2
https://www.kiwoko.com/perros/comida-para-perros/pienso-seco-para-perros/;PLP;2
https://www.kiwoko.com/perros/comida-para-perros/pienso-seco-para-perros/affinity-libra-adult-light-pavo-pienso-para-perros/LIB921425_M.html;PDP;2
https://www.kiwoko.com/perros/comida-para-perros/pienso-seco-para-perros/pienso-de-gama-avanzada/royal-canin-mini-puppy-pienso-para-cachorros-razas-mini/ROY150318_M.html;PDP;2
https://www.kiwoko.com/perros/comida-para-perros/pienso-seco-para-perros/pienso-de-gama-premium/dogxtreme-salmon-y-arroz/DGX144_M.html;PDP;2
https://www.kiwoko.com/perros/comida-para-perros/pienso-seco-para-perros/pienso-natural/acana-puppy/ACAAPJ00_M.html;PDP;2
https://www.kiwoko.com/perros/higiene-para-perros/antiparasitarios/;PLP;2
https://www.kiwoko.com/perros/higiene-para-perros/antiparasitarios/collares-antiparasitarios/bayer-seresto-collar-antiparasitario-para-perros/BAY83883961_M.html;PDP;2
https://www.kiwoko.com/perros/higiene-para-perros/antiparasitarios/collares-antiparasitarios/seresto-collar-antiparasitario/BAY83883961_M.html;PDP;2
https://www.kiwoko.com/perros/higiene-para-perros/antiparasitarios/pipetas/advantix-pipetas-antiparasitarias-para-perros---pack-4/BAY4488389_M.html;PDP;2
https://www.kiwoko.com/perros/higiene-para-perros/antiparasitarios/scalibor-collar-antiparasitario-para-perros/MSD193378_M.html;PDP;2
https://www.kiwoko.com/perros/higiene-para-perros/cuidado-del-pelo/cepillado/furminator-cepillo-para-perros-de-pelo-corto/FUR65110_M.html;PDP;2
https://www.kiwoko.com/perros/higiene-para-perros/salud-del-perro/genia-de-plastico-collar-isabelino-perros-y-gatos/GNI39463_M.html;PDP;2
https://www.kiwoko.com/roedores/jaulas-y-accesorios/jaulas/;PLP;2
https://www.kiwoko.com/servicios/kiwokoadopta/;SERVICIOS;2
https://www.kiwoko.com/servicios/kiwokoadopta/animal/perfil/madrid/gato/macho/oki+/1298;SERVICIOS;2
https://www.kiwoko.com/servicios/kiwokoadopta/protectora/perfil/madrid/asociaci%C3%93n-villanimal/1;SERVICIOS;2
https://www.kiwoko.com/servicios/peluquerias-mundobelleza/;SERVICIOS;2
https://www.kiwoko.com/tiendas?showMap=true&horizontalView=true&isForm=true;STORE LOCATOR;2
https://www.kiwoko.com/kiwoko-aribua-barcelona.html;STORE LOCATOR;2
https://www.kiwoko.com/kiwoko-tamarguillo-sevilla.html;STORE LOCATOR;2
https://www.kiwoko.com/kiwoko-centro-comercial-alisios-las-palmas.html;STORE LOCATOR;2
https://www.kiwoko.com/kiwoko-salvatierra-valencia.html;STORE LOCATOR;2
https://www.kiwoko.com/kiwoko-parque-comercial-rivas-futura-madrid.html;STORE LOCATOR;2
https://www.kiwoko.com/kiwoko-puerto-venecia-zaragoza.html;STORE LOCATOR;2
https://www.kiwoko.com/kiwoko-parque-comercial-la-laguna-tenerife.html;STORE LOCATOR;2
https://www.kiwoko.com/blogmundoanimal/;BLOG;3
https://www.kiwoko.com/blogmundoanimal/cuanta-cantidad-de-comida-debo-dar-a-mi-perro/;BLOG;3
https://www.kiwoko.com/blogmundoanimal/cuanta-cantidad-de-comida-debo-dar-a-mi-gato/;BLOG;3
https://www.kiwoko.com/blogmundoanimal/tos-de-la-perrera-que-es-sintomas-y-como-se-contagia/;BLOG;3
https://www.kiwoko.com/blogmundoanimal/evitar-gato-marcar-territorio-orina/;BLOG;3
https://www.kiwoko.com/blogmundoanimal/que-hacer-para-que-un-cachorro-duerma-toda-la-noche/;BLOG;3
https://www.kiwoko.com/blogmundoanimal/guia-de-alimentacion-para-tu-conejo/;BLOG;3
https://www.kiwoko.com/blogmundoanimal/consejos-de-adiestramiento-evitar-que-tu-perro-orine-dentro-de-la-casa/;BLOG;3
https://www.kiwoko.com/blogmundoanimal/mi-gato-maulla-mucho/;BLOG;3
https://www.kiwoko.com/blogmundoanimal/tortugas-acuaticas-sus-cuidados-y-necesidades/;BLOG;3
https://www.kiwoko.com/blogmundoanimal/conseguir-que-perros-y-gatos-se-lleven-bien/;BLOG;3
https://www.kiwoko.com/;HOME;5
https://www.kiwoko.com/gatos/;PLP;2
https://www.kiwoko.com/gatos/accesorios-para-gatos/rascadores/;PLP;2
https://www.kiwoko.com/gatos/comida-para-gatos/pienso-seco-para-gatos/;PLP;2
https://www.kiwoko.com/gatos/comida-para-gatos/pienso-seco-para-gatos/catzilla-feline-adult-sterilised/CTZ2217_M.html;PDP;2
https://www.kiwoko.com/gatos/comida-para-gatos/pienso-seco-para-gatos/royal-canin-pienso-sterilised-37-para-gatos/ROY319130_M.html;PDP;2
https://www.kiwoko.com/gatos/higiene-para-gatos/arenas-y-lecho-de-gato/arena/arena-aglomerante-nova-clean-ultra-para-gato/NCL70327_M.html;PDP;2
https://www.kiwoko.com/gatos/higiene-para-gatos/areneros-y-bandejas/;PLP;2
https://www.kiwoko.com/marca?brand=royal-canin;PDP;2
https://www.kiwoko.com/marca?brand=true-origins;PDP;2
https://www.kiwoko.com/marcas/nath/;PLP;2
https://www.kiwoko.com/marcas/nature_s-variety/;PLP;2
https://www.kiwoko.com/peces/acuarios-y-peceras/;PLP;2
https://www.kiwoko.com/peces/acuarios-y-peceras/acuarios/medianos-_50-y-100l_/kiwoko-start-55-acuario/KWK530_M.html;PDP;2
https://www.kiwoko.com/perros/;PLP;2
https://www.kiwoko.com/perros/accesorios-para-perros/flexi-new-classic-correa-extensible-de-cordon-negra/FLE25721_M.html;PDP;2
https://www.kiwoko.com/perros/accesorios-para-perros/jaula-de-metal-outech/OUT70861_M.html;PDP;2
https://www.kiwoko.com/perros/accesorios-para-perros/paseo/arneses/;PLP;2
https://www.kiwoko.com/perros/accesorios-para-perros/viajes/transportin/;PLP;2
https://www.kiwoko.com/perros/comida-para-perros/dietas-veterinarias/alimentacion-seca/hill_s-prescription-diet-metabolic-original/HIL2097M_M.html;PDP;2
https://www.kiwoko.com/perros/comida-para-perros/pienso-seco-para-perros/;PLP;2
https://www.kiwoko.com/perros/comida-para-perros/pienso-seco-para-perros/affinity-libra-adult-light-pavo-pienso-para-perros/LIB921425_M.html;PDP;2
https://www.kiwoko.com/perros/comida-para-perros/pienso-seco-para-perros/pienso-de-gama-avanzada/royal-canin-mini-puppy-pienso-para-cachorros-razas-mini/ROY150318_M.html;PDP;2
https://www.kiwoko.com/perros/comida-para-perros/pienso-seco-para-perros/pienso-de-gama-premium/dogxtreme-salmon-y-arroz/DGX144_M.html;PDP;2
https://www.kiwoko.com/perros/comida-para-perros/pienso-seco-para-perros/pienso-natural/acana-puppy/ACAAPJ00_M.html;PDP;2
https://www.kiwoko.com/perros/higiene-para-perros/antiparasitarios/;PLP;2
https://www.kiwoko.com/perros/higiene-para-perros/antiparasitarios/collares-antiparasitarios/bayer-seresto-collar-antiparasitario-para-perros/BAY83883961_M.html;PDP;2
https://www.kiwoko.com/perros/higiene-para-perros/antiparasitarios/collares-antiparasitarios/seresto-collar-antiparasitario/BAY83883961_M.html;PDP;2
https://www.kiwoko.com/perros/higiene-para-perros/antiparasitarios/pipetas/advantix-pipetas-antiparasitarias-para-perros---pack-4/BAY4488389_M.html;PDP;2
https://www.kiwoko.com/perros/higiene-para-perros/antiparasitarios/scalibor-collar-antiparasitario-para-perros/MSD193378_M.html;PDP;2
https://www.kiwoko.com/perros/higiene-para-perros/cuidado-del-pelo/cepillado/furminator-cepillo-para-perros-de-pelo-corto/FUR65110_M.html;PDP;2
https://www.kiwoko.com/perros/higiene-para-perros/salud-del-perro/genia-de-plastico-collar-isabelino-perros-y-gatos/GNI39463_M.html;PDP;2
https://www.kiwoko.com/roedores/jaulas-y-accesorios/jaulas/;PLP;2
https://www.kiwoko.com/servicios/kiwokoadopta/;SERVICIOS;2
https://www.kiwoko.com/servicios/kiwokoadopta/animal/perfil/madrid/gato/macho/oki+/1298;SERVICIOS;2
https://www.kiwoko.com/servicios/kiwokoadopta/protectora/perfil/madrid/asociaci%C3%93n-villanimal/1;SERVICIOS;2
https://www.kiwoko.com/servicios/peluquerias-mundobelleza/;SERVICIOS;2
https://www.kiwoko.com/tiendas?showMap=true&horizontalView=true&isForm=true;STORE LOCATOR;2
https://www.kiwoko.com/kiwoko-aribua-barcelona.html;STORE LOCATOR;2
https://www.kiwoko.com/kiwoko-tamarguillo-sevilla.html;STORE LOCATOR;2
https://www.kiwoko.com/kiwoko-centro-comercial-alisios-las-palmas.html;STORE LOCATOR;2
https://www.kiwoko.com/kiwoko-salvatierra-valencia.html;STORE LOCATOR;2
https://www.kiwoko.com/kiwoko-parque-comercial-rivas-futura-madrid.html;STORE LOCATOR;2
https://www.kiwoko.com/kiwoko-puerto-venecia-zaragoza.html;STORE LOCATOR;2
https://www.kiwoko.com/kiwoko-parque-comercial-la-laguna-tenerife.html;STORE LOCATOR;2
https://www.kiwoko.com/blogmundoanimal/;BLOG;3
https://www.kiwoko.com/blogmundoanimal/cuanta-cantidad-de-comida-debo-dar-a-mi-perro/;BLOG;3
https://www.kiwoko.com/blogmundoanimal/cuanta-cantidad-de-comida-debo-dar-a-mi-gato/;BLOG;3
https://www.kiwoko.com/blogmundoanimal/tos-de-la-perrera-que-es-sintomas-y-como-se-contagia/;BLOG;3
https://www.kiwoko.com/blogmundoanimal/evitar-gato-marcar-territorio-orina/;BLOG;3
https://www.kiwoko.com/blogmundoanimal/que-hacer-para-que-un-cachorro-duerma-toda-la-noche/;BLOG;3
https://www.kiwoko.com/blogmundoanimal/guia-de-alimentacion-para-tu-conejo/;BLOG;3
https://www.kiwoko.com/blogmundoanimal/consejos-de-adiestramiento-evitar-que-tu-perro-orine-dentro-de-la-casa/;BLOG;3
https://www.kiwoko.com/blogmundoanimal/mi-gato-maulla-mucho/;BLOG;3
https://www.kiwoko.com/blogmundoanimal/tortugas-acuaticas-sus-cuidados-y-necesidades/;BLOG;3
https://www.kiwoko.com/blogmundoanimal/conseguir-que-perros-y-gatos-se-lleven-bien/;BLOG;3
https://www.tiendanimal.pt/;HOME;5
https://www.tiendanimal.pt/caes/;PLP;2
https://www.tiendanimal.pt/gatos/;PLP;2
https://www.tiendanimal.pt/caes/racao-para-caes/;PLP;2
https://www.tiendanimal.pt/caes/racao-para-caes/racao-criadores/;PLP;2
https://www.tiendanimal.pt/caes/comida-humida/;PLP;2
https://www.tiendanimal.pt/caes/comida-humida/true-origins/;PLP;2
https://www.tiendanimal.pt/caes/antiparasitarios-e-repelentes/;PLP;2
https://www.tiendanimal.pt/caes/camas-para-caes/;PLP;2
https://www.tiendanimal.pt/caes/brinquedos-para-caes/bolas/;PLP;2
https://www.tiendanimal.pt/gatos/antiparasitarios-gatos/;PLP;2
https://www.tiendanimal.pt/gatos/areia-para-gatos/;PLP;2
https://www.tiendanimal.pt/gatos/arranhadores/;PLP;2
https://www.tiendanimal.pt/peixes/;PLP;2
https://www.tiendanimal.pt/passaros/;PLP;2
https://www.tiendanimal.pt/roedores-e-furoes/;PLP;2
https://www.tiendanimal.pt/passaros/especial-criacao-agapornis/;PLP;2
https://www.tiendanimal.pt/repteis-e-tartarugas/terrarios/;PLP;2
https://www.tiendanimal.pt/seresto-coleira-antiparasitaria-para-caes/BAY83883961_M.html;PDP;2
https://www.tiendanimal.pt/royal-canin-maxi-adult-racao-para-caes/ROY153637_M.html;PDP;2
https://www.tiendanimal.pt/pro-plan-adult-sterilized-salmao-racao-para-gatos/PRO12171885_M.html;PDP;2
https://www.tiendanimal.pt/criadores-oleo-de-salmao-para-caes-e-gatos/CRD00567_M.html;PDP;2
https://www.tiendanimal.pt/feliway-optimum-relaxante-para-gatos/CEVD92110E_M.html;PDP;2
https://www.tiendanimal.pt/summer-vibes-cool-tapete-refrescante-para-caes-e-gatos/SMV88731_M.html;PDP;2
https://www.tiendanimal.pt/criadores-dietetic-hipoalergenico-adulto-racao-para-caes/CRD4207_M.html;PDP;2
https://www.tiendanimal.pt/seresto-coleira-antiparasitaria-para-gatos/BAY83883953_M.html;PDP;2
https://www.tiendanimal.pt/marca?brand=royal-canin;BRAND;2
https://www.tiendanimal.pt/marcas/criadores/;PLP;2
https://www.tiendanimal.pt/nossas-lojas?showMap=true&horizontalView=true&isForm=true;STORE LOCATOR;2
https://www.tiendanimal.pt/loja-de-produtos-para-animais-de-estimacao-em-shopping-cidade-do-porto.html;STORE LOCATOR;2
https://www.tiendanimal.pt/loja-de-produtos-para-animais-de-estimacao-em-norte-shopping-matosinhos.html;STORE LOCATOR;2
https://www.tiendanimal.pt/loja-de-produtos-para-animais-de-estimacao-em-parque-nascente.html;STORE LOCATOR;2
https://www.tiendanimal.pt/loja-de-produtos-para-animais-de-estimacao-em-galeria-auchan-maia.html;STORE LOCATOR;2
https://www.tiendanimal.pt/servicos/banhos-e-tosquias-centro-beleza/;SERVICIOS;2
https://www.tiendanimal.pt/blog/;BLOG;3
https://www.tiendanimal.pt/blog/dieta-barf-para-caes-adultos-ou-cachorros/;BLOG;3
https://www.tiendanimal.pt/blog/plano-de-vacinacao-para-cachorros/;BLOG;3
https://www.tiendanimal.pt/blog/primeiros-dias-do-cachorro-em-casa/;BLOG;3
https://www.tiendanimal.pt/blog/como-eliminar-as-pulgas-de-um-gato/;BLOG;3
https://www.kiwoko.pt/;HOME;5
https://www.kiwoko.pt/caes/;PLP;2
https://www.kiwoko.pt/gatos/;PLP;2
https://www.kiwoko.pt/caes/comida-para-caes/racao-seca-para-caes/;PLP;2
https://www.kiwoko.pt/gatos/comida-para-gatos/racao-para-gatos/;PLP;2
https://www.kiwoko.pt/caes/comida-para-caes/dietas-veterinarias/;PLP;2
https://www.kiwoko.pt/gatos/comida-para-gatos/comida-humida-para-gatos/;PLP;2
https://www.kiwoko.pt/marcas/nath/;PLP;2
https://www.kiwoko.pt/marca?brand=royal-canin;PLP;2
https://www.kiwoko.pt/caes/acessorios-para-caes/passeio/;PLP;2
https://www.kiwoko.pt/caes/acessorios-para-caes/camas-para-caes/;PLP;2
https://www.kiwoko.pt/caes/acessorios-para-caes/viagem/;PLP;2
https://www.kiwoko.pt/gatos/areias-e-acessorios/areias/;PLP;2
https://www.kiwoko.pt/gatos/areias-e-acessorios/caixas-de-areia/;PLP;2
https://www.kiwoko.pt/roedores-e-outros/;PLP;2
https://www.kiwoko.pt/peixes/;PLP;2
https://www.kiwoko.pt/passaros/;PLP;2
https://www.kiwoko.pt/repteis/;PLP;2
https://www.kiwoko.pt/peixes/aquarios-e-tanques/;PLP;2
https://www.kiwoko.pt/roedores-e-outros/gaiolas-e-acessorios/;PLP;2
https://www.kiwoko.pt/passaros/gaiolas-e-acessorios-para-passaros/;PLP;2
https://www.kiwoko.pt/gatos/comida-para-gatos/racao-para-gatos/alimentacao-natural/true-origins-wild-adult-country-water-frango-e-salmao-racao-para-gatos/TRU88018_M.html;PDP;2
https://www.kiwoko.pt/gatos/comida-para-gatos/racao-para-gatos/light/advance-veterinary-diets-feline-urinary/ADV596211_M.html;PDP;2
https://www.kiwoko.pt/gatos/comida-para-gatos/snacks-para-gatos/crocantes/catzilla-snacks-piccolinis-de-salmao-para-gatos/CTZ40917_M.html;PDP;2
https://www.kiwoko.pt/caes/comida-para-caes/racao-seca-para-caes/racao-racas-grandes/nath-adult-maxi-frango-racao-para-caes/NTH88577_M.html;PDP;2
https://www.kiwoko.pt/caes/comida-para-caes/racao-seca-para-caes/racao-sem-cereais/nature_s-variety-original-adult-medium-peru-racao-para-caes/NTV927149_M.html;PDP;2
https://www.kiwoko.pt/caes/acessorios-para-caes/comedouros-e-bebedouros/outech-inox-fish-comedouro-para-gatos/OUT40602_M.html;PDP;2
https://www.kiwoko.pt/roedores-e-outros/alimentacao-de-roedores/feno-para-roedores/small-life-feno-de-dente-de-leao-para-roedores/SML88301_M.html;PDP;2
https://www.kiwoko.pt/caes/comida-para-caes/racao-seca-para-caes/racao-racas-grandes/royal-canin-maxi-adult-racao-para-caes/ROY153637_M.html;PDP;2
https://www.kiwoko.pt/caes/acessorios-para-caes/casotas-para-caes/tk-pet-tindaya-casota-com-porta-para-caes/TKP58498_M.html;PDP;2
https://www.kiwoko.pt/caes/acessorios-para-caes/brinquedos-para-caes/peluches/fluffy-dinossauro-triceratops-de-peluche-para-caes/FLF70447_M.html;PDP;2
https://www.kiwoko.pt/servicos/banhos-e-tosquias-mundo-beleza/;SERVICIOS;2
https://www.kiwoko.pt/lojas?showMap=true&horizontalView=true&isForm=true;STORE LOCATOR;2
https://www.kiwoko.pt/stores/kiwoko-arrabida-shopping.html;STORE LOCATOR;2
https://www.kiwoko.pt/stores/kiwoko-gaia-focus.html;STORE LOCATOR;2
https://www.kiwoko.pt/stores/kiwoko-porto-fabrica-do-cobre.html;STORE LOCATOR;2
https://www.kiwoko.pt/stores/kiwoko-mar-matosinhos.html;STORE LOCATOR;2
https://www.kiwoko.pt/blog/;BLOG;3
https://www.kiwoko.pt/blog/como-posso-evitar-que-o-meu-gato-marque-o-territorio-com-urina/;BLOG;3
https://www.kiwoko.pt/blog/que-quantidade-de-comida-diaria-devo-dar-ao-meu-gato/;BLOG;3
https://www.kiwoko.pt/blog/o-que-e-que-preciso-de-saber-antes-de-escolher-uma-cama-para-o-meu-cao/;BLOG;3
https://www.kiwoko.pt/blog/tartarugas-aquaticas-seus-cuidados-e-necessidades/;BLOG;3
https://www.kiwoko.pt/blog/desparasitacao-gatos-tudo-precisas-saber/;BLOG;3
https://www.kiwoko.pt/blog/coelhos-os-seus-cuidados-e-necessidades/;BLOG;3
https://www.animalis.com/;HOME;5
https://www.animalis.com/chiens/;PLP;2
https://www.animalis.com/chats/;PLP;2
https://www.animalis.com/chiens/alimentation/croquettes/;PLP;2
https://www.animalis.com/chiens/alimentation/patees/;PLP;2
https://www.animalis.com/chats/alimentation/croquettes/;PLP;2
https://www.animalis.com/chats/alimentation/boites-et-sachets/;PLP;2
https://www.animalis.com/brand?brand=royal-canin-boutique;PLP;2
https://www.animalis.com/marques/true-origins/;PLP;2
https://www.animalis.com/chiens/hygiene-et-soins/produits-antiparasitaires/;PLP;2
https://www.animalis.com/chiens/sellerie/colliers-et-harnais/;PLP;2
https://www.animalis.com/chiens/transport/caisses-et-sacs-de-transport/;PLP;2
https://www.animalis.com/chats/hygiene-et-soins/produits-antiparasitaires/;PLP;2
https://www.animalis.com/chats/hygiene-et-soins/litieres/;PLP;2
https://www.animalis.com/chats/arbres-a-chat-et-griffoirs/;PLP;2
https://www.animalis.com/bayer-collier-seresto-antiparasitaires-pour-chat-477155_M.html;PDP;2
https://www.animalis.com/bayer-collier-seresto-antiparasitaires-pour-grand-chien-477157_M.html;PDP;2
https://www.animalis.com/true-origins-pure-croquettes-au-poulet-sans-cereales-pour-chien-adulte-PM586975_M.html;PDP;2
https://www.animalis.com/nath-croquettes-pour-chat-adulte-anti-boules-de-poils-PM586691_M.html;PDP;2
https://www.animalis.com/leeby-coussin-corbeille-impermeable-rouge-PM586326_M.html;PDP;2
https://www.animalis.com/royal-canin-croquettes-maxi-adult-pour-chien-PM96558_M.html;PDP;2
https://www.animalis.com/kong-jouet-extreme-pour-chien-PM96504_M.html;PDP;2
https://www.animalis.com/trixie-arbre-a-chat-lucano-110cm-821924_M.html;PDP;2
https://www.animalis.com/cat-s-best-litiere-vegetale-original-pour-chat-10l-279717_M.html;PDP;2
https://magasin.animalis.com/;STORE LOCATOR;2
https://magasin.animalis.com/86-animalis-paris-3-rambuteau;STORE LOCATOR;2
https://magasin.animalis.com/9-animalis-bordeaux-lac;STORE LOCATOR;2
https://magasin.animalis.com/100-animalis-limoges;STORE LOCATOR;2
https://magasin.animalis.com/41-animalis-bergerac;STORE LOCATOR;2
https://www.animalis.com/conseils/;BLOG;3
https://www.animalis.com/conseils/chats/votre-chat-et-vous/pourquoi-mon-chat-me-mordille/;BLOG;3
https://www.animalis.com/conseils/chats/voyager-avec-un-chat/transporter-un-chat-en-voiture-les-solutions-guide-chat-animalis/;BLOG;3
https://www.animalis.com/conseils/chiens/sante-bien-etre-du-chien/mon-chien-bave-est-ce-que-cest-grave/;BLOG;3
https://www.animalis.com/conseils/aquariophilie/les-races-de-poissons/les-races-les-plus-repandues-en-aquariophilie/;BLOG;3
https://www.animalis.com/salons-de-toilettage;BLOG;3
https://www.tiendanimal.es/advantix-pipetas-antiparasitarias-para-perros/BAY4488389_M.html?new=true;NEW PDP;2
https://www.tiendanimal.es/criadores-adulto-pollo-y-arroz-pienso-para-perros-de-raza-mediana/CRD2319_M.html?new=true;NEW PDP;2
https://www.tiendanimal.es/hills-science-plan-youthful-vitality-large-pienso-para-perros/HIL45494_M.html?new=true;NEW PDP;2
https://www.tiendanimal.es/ombala-desert-cama-para-perros/OMB88551_M.html?new=true;NEW PDP;2
https://www.tiendanimal.es/pawhut-arbol-rascador-con-ratoncitos-gris-para-gatos/MRK000027299_M.html?new=true;NEW PDP;2
https://www.tiendanimal.es/pelota-con-nudos-para-perros-color-multicolor/MRK000006363_M.html?new=true;NEW PDP;2
https://www.tiendanimal.es/royal-canin-maxi-adult-pienso-para-perros/ROY153637_M.html?new=true;NEW PDP;2
https://www.tiendanimal.es/sanicat-cumpling-arena-aglomerante/SAN80193_M.html?new=true;NEW PDP;2
https://www.tiendanimal.es/scalibor-collar-antiparasitario-para-perros/MSD193378_M.html?new=true;NEW PDP;2
https://www.tiendanimal.es/seresto-collar-antiparasitario-para-perros/BAY83883961_M.html?new=true;NEW PDP;2
https://www.tiendanimal.es/tk-pet-isidoro-poste-rascador-para-gatos/TKP40977_M.html?new=true;NEW PDP;2
https://www.tiendanimal.es/whiskas-seleccion-clasicos-sobre-en-salsa-para-gatos---multipack/WHI448740_M.html?new=true;NEW PDP;2
https://www.kiwoko.com/gatos/comida-para-gatos/pienso-seco-para-gatos/catzilla-feline-adult-sterilised/CTZ2217_M.html?new=true;NEW PDP;2
https://www.kiwoko.com/gatos/comida-para-gatos/pienso-seco-para-gatos/royal-canin-pienso-sterilised-37-para-gatos/ROY319130_M.html?new=true;NEW PDP;2
https://www.kiwoko.com/gatos/higiene-para-gatos/arenas-y-lecho-de-gato/arena/arena-aglomerante-nova-clean-ultra-para-gato/NCL70327_M.html?new=true;NEW PDP;2
https://www.kiwoko.com/marca?brand=royal-canin?new=true;NEW PDP;2
https://www.kiwoko.com/marca?brand=true-origins?new=true;NEW PDP;2
https://www.kiwoko.com/peces/acuarios-y-peceras/acuarios/medianos-_50-y-100l_/kiwoko-start-55-acuario/KWK530_M.html?new=true;NEW PDP;2
https://www.kiwoko.com/perros/accesorios-para-perros/flexi-new-classic-correa-extensible-de-cordon-negra/FLE25721_M.html?new=true;NEW PDP;2
https://www.kiwoko.com/perros/accesorios-para-perros/jaula-de-metal-outech/OUT70861_M.html?new=true;NEW PDP;2
https://www.kiwoko.com/perros/comida-para-perros/dietas-veterinarias/alimentacion-seca/hill_s-prescription-diet-metabolic-original/HIL2097M_M.html?new=true;NEW PDP;2
https://www.kiwoko.com/perros/comida-para-perros/pienso-seco-para-perros/affinity-libra-adult-light-pavo-pienso-para-perros/LIB921425_M.html?new=true;NEW PDP;2
https://www.kiwoko.com/perros/comida-para-perros/pienso-seco-para-perros/pienso-de-gama-avanzada/royal-canin-mini-puppy-pienso-para-cachorros-razas-mini/ROY150318_M.html?new=true;NEW PDP;2
https://www.kiwoko.com/perros/comida-para-perros/pienso-seco-para-perros/pienso-de-gama-premium/dogxtreme-salmon-y-arroz/DGX144_M.html?new=true;NEW PDP;2
https://www.kiwoko.com/perros/comida-para-perros/pienso-seco-para-perros/pienso-natural/acana-puppy/ACAAPJ00_M.html?new=true;NEW PDP;2
https://www.kiwoko.com/perros/higiene-para-perros/antiparasitarios/collares-antiparasitarios/bayer-seresto-collar-antiparasitario-para-perros/BAY83883961_M.html?new=true;NEW PDP;2
https://www.kiwoko.com/perros/higiene-para-perros/antiparasitarios/collares-antiparasitarios/seresto-collar-antiparasitario/BAY83883961_M.html?new=true;NEW PDP;2
https://www.kiwoko.com/perros/higiene-para-perros/antiparasitarios/pipetas/advantix-pipetas-antiparasitarias-para-perros---pack-4/BAY4488389_M.html?new=true;NEW PDP;2
https://www.kiwoko.com/perros/higiene-para-perros/antiparasitarios/scalibor-collar-antiparasitario-para-perros/MSD193378_M.html?new=true;NEW PDP;2
https://www.kiwoko.com/perros/higiene-para-perros/cuidado-del-pelo/cepillado/furminator-cepillo-para-perros-de-pelo-corto/FUR65110_M.html?new=true;NEW PDP;2
https://www.kiwoko.com/perros/higiene-para-perros/salud-del-perro/genia-de-plastico-collar-isabelino-perros-y-gatos/GNI39463_M.html?new=true;NEW PDP;2
https://www.kiwoko.com/gatos/comida-para-gatos/pienso-seco-para-gatos/catzilla-feline-adult-sterilised/CTZ2217_M.html?new=true;NEW PDP;2
https://www.kiwoko.com/gatos/comida-para-gatos/pienso-seco-para-gatos/royal-canin-pienso-sterilised-37-para-gatos/ROY319130_M.html?new=true;NEW PDP;2
https://www.kiwoko.com/gatos/higiene-para-gatos/arenas-y-lecho-de-gato/arena/arena-aglomerante-nova-clean-ultra-para-gato/NCL70327_M.html?new=true;NEW PDP;2
https://www.kiwoko.com/marca?brand=royal-canin?new=true;NEW PDP;2
https://www.kiwoko.com/marca?brand=true-origins?new=true;NEW PDP;2
https://www.kiwoko.com/peces/acuarios-y-peceras/acuarios/medianos-_50-y-100l_/kiwoko-start-55-acuario/KWK530_M.html?new=true;NEW PDP;2
https://www.kiwoko.com/perros/accesorios-para-perros/flexi-new-classic-correa-extensible-de-cordon-negra/FLE25721_M.html?new=true;NEW PDP;2
https://www.kiwoko.com/perros/accesorios-para-perros/jaula-de-metal-outech/OUT70861_M.html?new=true;NEW PDP;2
https://www.kiwoko.com/perros/comida-para-perros/dietas-veterinarias/alimentacion-seca/hill_s-prescription-diet-metabolic-original/HIL2097M_M.html?new=true;NEW PDP;2
https://www.kiwoko.com/perros/comida-para-perros/pienso-seco-para-perros/affinity-libra-adult-light-pavo-pienso-para-perros/LIB921425_M.html?new=true;NEW PDP;2
https://www.kiwoko.com/perros/comida-para-perros/pienso-seco-para-perros/pienso-de-gama-avanzada/royal-canin-mini-puppy-pienso-para-cachorros-razas-mini/ROY150318_M.html?new=true;NEW PDP;2
https://www.kiwoko.com/perros/comida-para-perros/pienso-seco-para-perros/pienso-de-gama-premium/dogxtreme-salmon-y-arroz/DGX144_M.html?new=true;NEW PDP;2
https://www.kiwoko.com/perros/comida-para-perros/pienso-seco-para-perros/pienso-natural/acana-puppy/ACAAPJ00_M.html?new=true;NEW PDP;2
https://www.kiwoko.com/perros/higiene-para-perros/antiparasitarios/collares-antiparasitarios/bayer-seresto-collar-antiparasitario-para-perros/BAY83883961_M.html?new=true;NEW PDP;2
https://www.kiwoko.com/perros/higiene-para-perros/antiparasitarios/collares-antiparasitarios/seresto-collar-antiparasitario/BAY83883961_M.html?new=true;NEW PDP;2
https://www.kiwoko.com/perros/higiene-para-perros/antiparasitarios/pipetas/advantix-pipetas-antiparasitarias-para-perros---pack-4/BAY4488389_M.html?new=true;NEW PDP;2
https://www.kiwoko.com/perros/higiene-para-perros/antiparasitarios/scalibor-collar-antiparasitario-para-perros/MSD193378_M.html?new=true;NEW PDP;2
https://www.kiwoko.com/perros/higiene-para-perros/cuidado-del-pelo/cepillado/furminator-cepillo-para-perros-de-pelo-corto/FUR65110_M.html?new=true;NEW PDP;2
https://www.kiwoko.com/perros/higiene-para-perros/salud-del-perro/genia-de-plastico-collar-isabelino-perros-y-gatos/GNI39463_M.html?new=true;NEW PDP;2
https://www.tiendanimal.pt/seresto-coleira-antiparasitaria-para-caes/BAY83883961_M.html?new=true;NEW PDP;2
https://www.tiendanimal.pt/royal-canin-maxi-adult-racao-para-caes/ROY153637_M.html?new=true;NEW PDP;2
https://www.tiendanimal.pt/pro-plan-adult-sterilized-salmao-racao-para-gatos/PRO12171885_M.html?new=true;NEW PDP;2
https://www.tiendanimal.pt/criadores-oleo-de-salmao-para-caes-e-gatos/CRD00567_M.html?new=true;NEW PDP;2
https://www.tiendanimal.pt/feliway-optimum-relaxante-para-gatos/CEVD92110E_M.html?new=true;NEW PDP;2
https://www.tiendanimal.pt/summer-vibes-cool-tapete-refrescante-para-caes-e-gatos/SMV88731_M.html?new=true;NEW PDP;2
https://www.tiendanimal.pt/criadores-dietetic-hipoalergenico-adulto-racao-para-caes/CRD4207_M.html?new=true;NEW PDP;2
https://www.tiendanimal.pt/seresto-coleira-antiparasitaria-para-gatos/BAY83883953_M.html?new=true;NEW PDP;2
https://www.kiwoko.pt/gatos/comida-para-gatos/racao-para-gatos/alimentacao-natural/true-origins-wild-adult-country-water-frango-e-salmao-racao-para-gatos/TRU88018_M.html?new=true;NEW PDP;2
https://www.kiwoko.pt/gatos/comida-para-gatos/racao-para-gatos/light/advance-veterinary-diets-feline-urinary/ADV596211_M.html?new=true;NEW PDP;2
https://www.kiwoko.pt/gatos/comida-para-gatos/snacks-para-gatos/crocantes/catzilla-snacks-piccolinis-de-salmao-para-gatos/CTZ40917_M.html?new=true;NEW PDP;2
https://www.kiwoko.pt/caes/comida-para-caes/racao-seca-para-caes/racao-racas-grandes/nath-adult-maxi-frango-racao-para-caes/NTH88577_M.html?new=true;NEW PDP;2
https://www.kiwoko.pt/caes/comida-para-caes/racao-seca-para-caes/racao-sem-cereais/nature_s-variety-original-adult-medium-peru-racao-para-caes/NTV927149_M.html?new=true;NEW PDP;2
https://www.kiwoko.pt/caes/acessorios-para-caes/comedouros-e-bebedouros/outech-inox-fish-comedouro-para-gatos/OUT40602_M.html?new=true;NEW PDP;2
https://www.kiwoko.pt/roedores-e-outros/alimentacao-de-roedores/feno-para-roedores/small-life-feno-de-dente-de-leao-para-roedores/SML88301_M.html?new=true;NEW PDP;2
https://www.kiwoko.pt/caes/comida-para-caes/racao-seca-para-caes/racao-racas-grandes/royal-canin-maxi-adult-racao-para-caes/ROY153637_M.html?new=true;NEW PDP;2
https://www.kiwoko.pt/caes/acessorios-para-caes/casotas-para-caes/tk-pet-tindaya-casota-com-porta-para-caes/TKP58498_M.html?new=true;NEW PDP;2
https://www.kiwoko.pt/caes/acessorios-para-caes/brinquedos-para-caes/peluches/fluffy-dinossauro-triceratops-de-peluche-para-caes/FLF70447_M.html?new=true;NEW PDP;2
https://www.animalis.com/bayer-collier-seresto-antiparasitaires-pour-chat-477155_M.html?new=true;NEW PDP;2
https://www.animalis.com/bayer-collier-seresto-antiparasitaires-pour-grand-chien-477157_M.html?new=true;NEW PDP;2
https://www.animalis.com/true-origins-pure-croquettes-au-poulet-sans-cereales-pour-chien-adulte-PM586975_M.html?new=true;NEW PDP;2
https://www.animalis.com/nath-croquettes-pour-chat-adulte-anti-boules-de-poils-PM586691_M.html?new=true;NEW PDP;2
https://www.animalis.com/leeby-coussin-corbeille-impermeable-rouge-PM586326_M.html?new=true;NEW PDP;2
https://www.animalis.com/royal-canin-croquettes-maxi-adult-pour-chien-PM96558_M.html?new=true;NEW PDP;2
https://www.animalis.com/kong-jouet-extreme-pour-chien-PM96504_M.html?new=true;NEW PDP;2
https://www.animalis.com/trixie-arbre-a-chat-lucano-110cm-821924_M.html?new=true;NEW PDP;2
https://www.animalis.com/cat-s-best-litiere-vegetale-original-pour-chat-10l-279717_M.html?new=true;NEW PDP;2
https://www.zooplus.es/;HOME;1
https://www.zooplus.es/shop/tienda_perros;PLP;1
https://www.zooplus.es/shop/tienda_gatos;PLP;1
https://www.zooplus.es/shop/tienda_perros/pienso_perros;PLP;1
https://www.zooplus.es/shop/tienda_gatos/pienso_gatos;PLP;1
https://www.zooplus.es/shop/tienda_perros/pienso_perros/advance;PLP;1
https://www.zooplus.es/shop/tienda_gatos/comida_humeda;PLP;1
https://www.zooplus.es/shop/tienda_perros/antiparasitarios_perros;PLP;1
https://www.zooplus.es/shop/tienda_perros/juguetes_deporte_perros;PLP;1
https://www.zooplus.es/shop/tienda_perros/camas_cojines_cestas_mantas_perros;PLP;1
https://www.zooplus.es/shop/tienda_gatos/rascadores_muebles;PLP;1
https://www.zooplus.es/shop/tienda_gatos/arena_gatos;PLP;1
https://www.zooplus.es/shop/tienda_gatos/arena_gatos/cats_best/55809;PDP;1
https://www.zooplus.es/shop/tienda_gatos/arena_gatos/tigerino/tigerino_aglomerante_premium/153555;PDP;1
https://www.zooplus.es/shop/tienda_perros/comida_humeda/briantos/1997431;PDP;1
https://www.zooplus.es/shop/tienda_perros/comida_humeda/briantos/1997431;PDP;1
https://www.zooplus.es/shop/tienda_perros/higiene_canina_maquinas_cortapelo/bolsas/bolsas_heces/360697;PDP;1
https://www.zooplus.es/shop/tienda_gatos/arena_gatos/sanicat/2043713;PDP;1
https://www.zooplus.es/shop/tienda_perros/pienso_perros/wolf_of_wilderness/wolf_wilderness/477040;PDP;1
https://www.zooplus.es/shop/tienda_perros/pienso_perros/wolf_of_wilderness/1444190;PDP;1
https://www.zooplus.es/magazine;BLOG;1
https://www.zooplus.es/magazine/perros/razas-de-perro/schafpudel;BLOG;1
https://www.zooplus.es/magazine/gatos/alimentacion-del-gato/los-gatos-pueden-comer-fresas;BLOG;1
https://www.zooplus.es/magazine/aves/cuidado-de-las-aves-y-salud/flores-de-bach-para-pajaros;BLOG;1
https://www.zooplus.es/magazine/gatos/salud-del-gato-y-cuidados/cuantos-anos-tiene-mi-gato;BLOG;1
https://www.zooplus.es/magazine/perros/alimentacion-del-perro/alimentos-prohibidos-para-perros;BLOG;1
https://www.zooplus.es/veterinarios;SERVICIOS;1
https://www.zooplus.es/;HOME;1
https://www.zooplus.es/shop/tienda_perros;PLP;1
https://www.zooplus.es/shop/tienda_gatos;PLP;1
https://www.zooplus.es/shop/tienda_perros/pienso_perros;PLP;1
https://www.zooplus.es/shop/tienda_gatos/pienso_gatos;PLP;1
https://www.zooplus.es/shop/tienda_perros/pienso_perros/advance;PLP;1
https://www.zooplus.es/shop/tienda_gatos/comida_humeda;PLP;1
https://www.zooplus.es/shop/tienda_perros/antiparasitarios_perros;PLP;1
https://www.zooplus.es/shop/tienda_perros/juguetes_deporte_perros;PLP;1
https://www.zooplus.es/shop/tienda_perros/camas_cojines_cestas_mantas_perros;PLP;1
https://www.zooplus.es/shop/tienda_gatos/rascadores_muebles;PLP;1
https://www.zooplus.es/shop/tienda_gatos/arena_gatos;PLP;1
https://www.zooplus.es/shop/tienda_gatos/arena_gatos/cats_best/55809;PDP;1
https://www.zooplus.es/shop/tienda_gatos/arena_gatos/tigerino/tigerino_aglomerante_premium/153555;PDP;1
https://www.zooplus.es/shop/tienda_perros/comida_humeda/briantos/1997431;PDP;1
https://www.zooplus.es/shop/tienda_perros/comida_humeda/briantos/1997431;PDP;1
https://www.zooplus.es/shop/tienda_perros/higiene_canina_maquinas_cortapelo/bolsas/bolsas_heces/360697;PDP;1
https://www.zooplus.es/shop/tienda_gatos/arena_gatos/sanicat/2043713;PDP;1
https://www.zooplus.es/shop/tienda_perros/pienso_perros/wolf_of_wilderness/wolf_wilderness/477040;PDP;1
https://www.zooplus.es/shop/tienda_perros/pienso_perros/wolf_of_wilderness/1444190;PDP;1
https://www.zooplus.es/magazine;BLOG;1
https://www.zooplus.es/magazine/perros/razas-de-perro/schafpudel;BLOG;1
https://www.zooplus.es/magazine/gatos/alimentacion-del-gato/los-gatos-pueden-comer-fresas;BLOG;1
https://www.zooplus.es/magazine/aves/cuidado-de-las-aves-y-salud/flores-de-bach-para-pajaros;BLOG;1
https://www.zooplus.es/magazine/gatos/salud-del-gato-y-cuidados/cuantos-anos-tiene-mi-gato;BLOG;1
https://www.zooplus.es/magazine/perros/alimentacion-del-perro/alimentos-prohibidos-para-perros;BLOG;1
https://www.zooplus.es/veterinarios;SERVICIOS;1
https://www.miscota.es/;HOME;1
https://www.miscota.es/perros;PLP;1
https://www.miscota.es/gatos;PLP;1
https://www.miscota.es/perros/s_pienso;PLP;1
https://www.miscota.es/gatos/s_comida-humeda;PLP;1
https://www.miscota.es/perros/c_juguetes-deporte;PLP;1
https://www.miscota.es/perros/s_camas;PLP;1
https://www.miscota.es/perros/s_transportines;PLP;1
https://www.miscota.es/perros/c_antiparasitarios;PLP;1
https://www.miscota.es/pequenos-mamiferos;PLP;1
https://www.miscota.es/pajaros;PLP;1
https://www.miscota.es/peces;PLP;1
https://www.miscota.es/reptiles;PLP;1
https://www.miscota.es/nuestras-tiendas;STORE LOCATOR;1
https://www.miscota.es/nuestras-tiendas/106;STORE LOCATOR;1
https://www.miscota.es/nuestras-tiendas/105;STORE LOCATOR;1
https://www.miscota.es/nuestras-tiendas/104;STORE LOCATOR;1
https://www.miscota.es/perros/musqui/comedero-plegable-de-silicona-para-viaje-grande-rojo;PDP;1
https://www.miscota.es/perros/nayeco/pr-175127;PDP;1
https://www.miscota.es/perros/scalibor/collar-scalibor;PDP;1
https://www.miscota.es/perros/frontpro/masticables-antiparasitarios-para-perros-de-4-a-10-kg-3cpds;PDP;1
https://www.miscota.es/perros/seresto/seresto-collar-117832;PDP;1
https://www.miscota.es/perros/hantu/cerdo-iberico-pollo-lentejas-patatas-perros-adultos;PDP;1
https://www.miscota.es/perros/grature/pienso-adult-de-salmon-perro;PDP;1
https://www.miscota.es/perros/traveness/pienso-grain-free-natural-salmon-sensitive;PDP;1
https://www.miscota.es/consejos/;BLOG;1
https://www.miscota.es/consejos/gatos/miscota-ayuda-a-las-protectoras-con-100-gr-de-comida-por-compra/;BLOG;1
https://www.miscota.es/consejos/otros-consejos/tips-generales-la-higiene-en-perros-y-gatos/;BLOG;1
https://www.miscota.es/consejos/otros-consejos/las-mejores-mascotas-para-un-piso/;BLOG;1
https://www.miscota.es/consejos/pajaros/cuantos-dias-empiezan-comer-solos-los-canarios/;BLOG;1
https://www.miscota.es/servicios/servicios-peluqueria.html;SERVICIOS;1
https://www.zoomalia.es/;HOME;1
https://www.zoomalia.es/mascotas/tienda-online-para-perros-c-1-1.html;PLP;1
https://www.zoomalia.es/mascotas/tienda-para-gatos-c-2-1.html;PLP;1
https://www.zoomalia.es/mascotas/pienso-para-perros-c-997-1.html;PLP;1
https://www.zoomalia.es/mascotas/pienso-para-gatos-c-998-1.html;PLP;1
https://www.zoomalia.es/mascotas/comida-humeda-para-gatos-c-37-1.html;PLP;1
https://www.zoomalia.es/mascotas/antiparasitarios-para-perros-c-248-1.html;PLP;1
https://www.zoomalia.es/mascotas/juguetes-para-perros-c-22-1.html;PLP;1
https://www.zoomalia.es/mascotas/camas-para-perros-c-1047-1.html;PLP;1
https://www.zoomalia.es/mascotas/arena-para-gatos-c-715-1.html;PLP;1
https://www.zoomalia.es/mascotas/arboles-para-gatos-c-258-1.html;PLP;1
https://www.zoomalia.es/mascotas/arboles-para-gatos-c-258-1.html;PLP;1
https://www.zoomalia.es/mascotas/tienda-online-para-roedores-c-5-1.html;PLP;1
https://www.zoomalia.es/mascotas/accesorios-para-acuario-c-3-1.html;PLP;1
https://www.zoomalia.es/mascotas/tienda-para-reptiles-c-6-1.html;PLP;1
https://www.zoomalia.es/mascotas/todo-para-pajaros-c-4-1.html;PLP;1
https://www.zoomalia.es/mascotas/denta-fun-sticks-de-pollo-para-perros-p-17860.html;PDP;1
https://www.zoomalia.es/mascotas/cama-hall-para-perros-y-gatos-p-150552.html;PDP;1
https://www.zoomalia.es/mascotas/tao-pienso-growth-de-pollo-para-cachorros-p-149187.html;PDP;1
https://www.zoomalia.es/mascotas/juguete-de-cuerda-natural-y-anillo-de-madera-wild-zolux-con-2-nudos-p-102729.html;PDP;1
https://www.zoomalia.es/mascotas/equilibre-instinct-comida-humeda-para-gatos-senior-2-sabores-para-escoger-p-24271.html;PDP;1
https://www.zoomalia.es/mascotas/arena-vegetal-aglomerante-wooden-pearl-para-gatos-y-roedores-quality-clean-p-99377.html?queryID=dea16ab796e6383d0995801ab0c40eb8&position=1&source=search;PDP;1
https://www.zoomalia.es/mascotas/bolso-de-transporte-flowers-gris-p-31631.html;PDP;1
https://www.zoomalia.es/mascotas/fuente-de-2-litros-para-perros-y-gatos-pet-fountain-imac-p-118542.html;PDP;1
https://www.zoomalia.es/mascotas/collar-seresto-para-perros-p-17269.html;PDP;1
https://guaw.com/;HOME;1
https://guaw.com/perros/;PLP;1
https://guaw.com/gatos/;PLP;1
https://guaw.com/antiparasitarios/;PLP;1
https://guaw.com/roedores/;PLP;1
https://guaw.com/perros/farmacia-para-perros/;PLP;1
https://guaw.com/perros/comida-perros/piensos-para-perros/;PLP;1
https://guaw.com/gatos/comida-para-gatos/comida-humeda-para-gatos/;PLP;1
https://guaw.com/perros/juguetes-para-perros/;PLP;1
https://guaw.com/gatos/arenas-para-gatos/;PLP;1
https://guaw.com/gatos/rascadores-para-gatos/;PLP;1
https://guaw.com/rascador-para-gatos-bold-cat-joy-30x30x92cm.html;PDP;1
https://guaw.com/kong-classic-juguete-de-caucho-para-perro.html;PDP;1
https://guaw.com/seresto-collar-antiparasitario-para-perros.html;PDP;1
https://guaw.com/advantix-10-25-kg-pipetas-triple-proteccion-para-perros.html;PDP;1
https://guaw.com/taste-of-the-wild-pacific-stream-canine-con-salmon-ahumado.html;PDP;1
https://guaw.com/pienso-para-perros-maxima-grain-free-adulto.html;PDP;1
https://guaw.com/pienso-para-perros-royal-canin-maxi-adulto-razas-grandes.html;PDP;1
https://guaw.com/applaws-multipack-latas-de-comida-humeda-en-gelatina-para-gatos-con-pescado.html;PDP;1
https://guaw.com/rascador-gigi-para-gatos.html;PDP;1
https://guaw.com/pagina/seguro-barkibu;SERVICIOS;1
https://guaw.com/pagina/tiendas-guaw;STORE LOCATOR;1
https://blog.guaw.com/;BLOG;1
https://blog.guaw.com/shih-tzu-conoce-la-raza-consejos/;BLOG;1
https://blog.guaw.com/pinscher-miniatura-conoce-la-raza-consejos/;BLOG;1
https://blog.guaw.com/como-encontrar-a-un-gato-perdido/;BLOG;1
https://blog.guaw.com/esterilizacion-vs-reproduccion/;BLOG;1
https://guaw.com/pagina/10-descuento-para-protectoras;SERVICIOS;1
https://limmia-zu-local-pages.web.app/index.html#;STORE LOCATOR;1
https://www.continente.pt/produto/racao-para-cao-adulto-croquetes-pack-poupanca-continente-7458070.html;PDP;1
https://www.continente.pt/produto/racao-para-cao-adulto-mini-frango-pack-poupanca-continente-7510922.html;PDP;1
https://www.continente.pt/produto/racao-para-cao-adulto-mini-menu-vitafit-vaca-purina-friskies-5304987.html;PDP;1
https://www.continente.pt/produto/racao-para-cao-adulto-mypet-7411360.html;PDP;1
https://www.zu.pt/;HOME;1
https://www.zu.pt/acessorios/?start=0&srule=pet&pmin=0.01;PLP;1
https://www.zu.pt/acessorios/arranhadores/?start=0&srule=pet&pmin=0.01;PLP;1
https://www.zu.pt/acessorios/caixas-tabuleiros-e-acessorios/?start=0&srule=pet&pmin=0.01;PLP;1
https://www.zu.pt/acessorios/comedouros-e-bebedouros/?start=0&srule=pet&pmin=0.01;PLP;1
https://www.zu.pt/cao/;PLP;1
https://www.zu.pt/cao/alimentacao-natural/?start=0&srule=pet&pmin=0.01;PLP;1
https://www.zu.pt/cao/comida-humida/?start=0&srule=pet&pmin=0.01;PLP;1
https://www.zu.pt/cao/dietas-veterinarias/?start=0&srule=pet&pmin=0.01;PLP;1
https://www.zu.pt/cao/snacks-e-biscoitos/?start=0&srule=pet&pmin=0.01;PLP;1
https://www.zu.pt/gato/;PLP;1
https://www.zu.pt/gato/areias-e-absorventes/?start=0&srule=pet&pmin=0.01;PLP;1
https://www.zu.pt/gato/comida-humida/?start=0&srule=pet&pmin=0.01;PLP;1
https://www.zu.pt/gato/dietas-veterinarias/?start=0&srule=pet&pmin=0.01;PLP;1
https://www.zu.pt/gato/dietas-veterinarias/royal-canin-veterinary-diets/?start=0&srule=pet&pmin=0.01;PLP;1
https://www.zu.pt/gato/gatinho/?start=0&srule=pet&pmin=0.01;PLP;1
https://www.zu.pt/gato/racao-seca/?start=0&srule=pet&pmin=0.01;PLP;1
https://www.zu.pt/produto/comida-humida-para-cao-prescription-diet-derm-complete-hills-8045723.html;PDP;1
https://www.zu.pt/produto/comida-humida-para-cao-prescription-diet-derm-complete-hills-8045723.html;PDP;1
https://www.zu.pt/produto/comida-humida-para-gato-adulto-mix-purina-felix-7944727.html;PDP;1
https://www.zu.pt/produto/racao-para-cao-adulto-maxi-science-planmaturo-5-frango-hills-8044226.html;PDP;1
https://www.zu.pt/produto/racao-para-cao-mini-prescription-diet-food-sensitivities-hills-8044911.html;PDP;1
https://www.zu.pt/produto/racao-para-gato-adulto-esterilizado-regular-37-royal-canin-4875170.html;PDP;1
https://www.zu.pt/produto/racao-para-gato-neutered-satiety-balance-royal-canin-veterinary-diets-5449815.html;PDP;1
https://www.zu.pt/produto/racao-para-gato-obesity-management-purina-pro-plan-veterinary-diets-5997660.html;PDP;1
https://www.zu.pt/zu-banhostosquias.html;SERVICIOS;1
https://www.zu.pt/zu-blog.html;BLOG;1
https://www.zu.pt/zu-online/static-pages-for-zu/zu-blog/zu-blog-convivencia-pacifica/;BLOG;1
https://www.zu.pt/zu-online/static-pages-for-zu/zu-blog/zu-blog-cuidados-no-verao-animais/;BLOG;1
https://www.zu.pt/zu-online/static-pages-for-zu/zu-blog/zu-blog-higiene-habitos-cachorros/;BLOG;1
https://www.zu.pt/zu-veterinario.html;SERVICIOS;1
https://www.zooplus.pt/;HOME;1
https://www.zooplus.pt/shop/caes/racoes_cao;PLP;1
https://www.zooplus.pt/shop/caes/enlatados_saquetas_cao;PLP;1
https://www.zooplus.pt/shop/caes/comida_sem_cereais_cao;PLP;1
https://www.zooplus.pt/shop/gato/racao_gato;PLP;1
https://www.zooplus.pt/shop/gato/enlatados_gato;PLP;1
https://www.zooplus.pt/shop/gato/comida_sem_cereais_gato;PLP;1
https://www.zooplus.pt/shop/antiparasitarios/gatos/pipetas;PLP;1
https://www.zooplus.pt/shop/roedores/casotas_gaiolas/gaiola_coelho;PLP;1
https://www.zooplus.pt/shop/roedores/comida/degu;PLP;1
https://www.zooplus.pt/shop/passaros;PLP;1
https://www.zooplus.pt/shop/roedores/comida/ratos_gerbos;PLP;1
https://www.zooplus.pt/shop/passaros/gaiolas/periquitos;PLP;1
https://www.zooplus.pt/shop/passaros/gaiolas/canarios;PLP;1
https://www.zooplus.pt/shop/antiparasitarios/caes/champos;PLP;1
https://www.zooplus.pt/shop/dietas_vet/dietas_caes/virbac_hpm;PLP;1
https://www.zooplus.pt/shop/caes/racoes_cao/virbac_hpm/veterinary/675384;PDP;1
https://www.zooplus.pt/shop/caes/racoes_cao/virbac_hpm/veterinary/675382;PDP;1
https://www.zooplus.pt/shop/caes/racoes_cao/hills_prescriptiondiet_cao/intolerancias_alimentares/471923;PDP;1
https://www.zooplus.pt/shop/caes/enlatados_saquetas_cao/hills_prescription_diet_cao/alergias_intolerancias_alimentares/506909;PDP;1
https://www.zooplus.pt/shop/gato/wc_caixasareia_cuidados_gato/pas_tapetes_caixaareia/pas_areia/499324;PDP;1
https://www.zooplus.pt/shop/caes/camas_cestos_caes/tapetes_refrescantes/362264;PDP;1
https://www.zooplus.pt/shop/gato/brinquedos_gatos/bolas_gatos/438228;PDP;1
https://www.zooplus.pt/shop/gato/brinquedos_gatos/tiaki/1931734;PDP;1
https://www.zooplus.pt/shop/gato/brinquedos_gatos/brinquedos_atividade/de_atividade/363663;PDP;1
https://www.zooplus.pt/magazine;BLOG;1
https://www.zooplus.pt/magazine/caes/saude-do-cao-e-cuidados/constipacoes-nos-caes;BLOG;1
https://www.zooplus.pt/magazine/peixes/especies-de-peixes/guppy;BLOG;1
https://www.zooplus.pt/magazine/passaros/especies-de-aves/periquito-de-colar;BLOG;1
https://www.zooplus.pt/magazine/roedores-e-furoes/saude-e-cuidados-de-roedores-e-furoes/o-sistema-digestivo-do-hamster;BLOG;1
https://www.zooplus.pt/shop/ofertas/novas_ofertas_comida;PLP;1
https://www.zooplus.fr/;HOME;1
https://www.zooplus.fr/shop/chiens;PLP;1
https://www.zooplus.fr/shop/chats;PLP;1
https://www.zooplus.fr/shop/chiens/croquettes_chien;PLP;1
https://www.zooplus.fr/shop/chats/croquettes_chat;PLP;1
https://www.zooplus.fr/shop/chiens/croquettes_chien/croquettes_chien_hills_prescription_diet;PLP;1
https://www.zooplus.fr/shop/chats/boites_sachets_barquettes_chat;PLP;1
https://www.zooplus.fr/shop/chiens/protection_antiparasitaire_chien;PLP;1
https://www.zooplus.fr/shop/chiens/jouets_sport_chien;PLP;1
https://www.zooplus.fr/shop/chiens/corbeilles_paniers_chien;PLP;1
https://www.zooplus.fr/shop/chats/arbre_a_chat;PLP;1
https://www.zooplus.fr/shop/chats/litiere_chat;PLP;1
https://www.zooplus.fr/shop/chats/litiere_chat/litiere_tigerino_chat/1811509;PDP;1
https://www.zooplus.fr/shop/chiens/boites_sachets_barquettes_chien/briantos/briantos_delicious_pate/2011815;PDP;1
https://www.zooplus.fr/shop/chats/litiere_chat/sanicat_professional_litiere_chat/sanicat_professional_litiere_chat_agglomerante/2057613;PDP;1
https://www.zooplus.fr/shop/chiens/croquettes_chien/wolf_of_wilderness/wolf_of_wilddreness_adulte_croquettes/475970;PDP;1
https://www.zooplus.fr/shop/chiens/laisses_colliers_chien/ramasse_crottes_chien/356340;PDP;1
https://www.zooplus.fr/shop/chiens/friandises_chien/bois_corne_sabot/979804;PDP;1
https://www.zooplus.fr/shop/chats/croquettes_chat/royal_canin_croquettes_chat/sterilised/47497;PDP;1
https://www.zooplus.fr/veterinaire;SERVICIOS;1
https://www.zooplus.fr/magazine;BLOG;1
https://www.zooplus.fr/magazine/chien/races-de-chien/beagle-harrier;BLOG;1
https://www.zooplus.fr/magazine/chat/races-de-chat/chat-nain;BLOG;1
https://www.zooplus.fr/magazine/rongeur-co/sante-et-bien-etre-des-rongeurs/comment-s-occuper-cochon-inde;BLOG;1
https://www.zooplus.fr/magazine/oiseau/sante-et-bien-etre-de-loiseau/mal-ponte-poule;BLOG;1